Alice in Wonderland,book,1,5.97,https://m.media-amazon.com/images/I/71O1It5N1VS._AC_UY436_FMwebp_QL65_.jpg
Winnie-the-Pooh,book,2,6.57,https://m.media-amazon.com/images/I/911dHH5CsOL._AC_UY436_FMwebp_QL65_.jpg
Finn Family Moomintroll,book,1,6.79,https://m.media-amazon.com/images/I/71wCMGk7BSL._AC_UY436_FMwebp_QL65_.jpg
Harry Potter (2),book,4,6.98,https://m.media-amazon.com/images/I/91OINeHnJGL._AC_UY436_FMwebp_QL65_.jpg
The Lord of the Rings (1),book,3,7.30,https://m.media-amazon.com/images/I/91jBdaRVqML._AC_UY436_FMwebp_QL65_.jpg
1984,book,2,7.48,https://m.media-amazon.com/images/I/91Q56n9K99L._AC_UY436_FMwebp_QL65_.jpg
The Lord of the Rings (2),book,1,7.99,https://m.media-amazon.com/images/I/71u8+yoKy-L._AC_UY436_FMwebp_QL65_.jpg
Lord of the Flies,book,4,8.26,https://m.media-amazon.com/images/I/81WUAoL-wFL._AC_UY436_FMwebp_QL65_.jpg
Harry Potter (1),book,2,8.36,https://m.media-amazon.com/images/P/059035342X.01._SCLZZZZZZZ_SX500_.jpg
War and Peace,book,3,9.30,https://m.media-amazon.com/images/I/714JIiTM8qL._AC_UL640_FMwebp_QL65_.jpg
The Da Vinci Code,book,3,9.73,https://m.media-amazon.com/images/I/81jtrIKJd2L._AC_UY436_FMwebp_QL65_.jpg
Hamlet,book,3,9.99,https://m.media-amazon.com/images/I/71VieSMr6PL._AC_UY436_FMwebp_QL65_.jpg
Batman: Year One,book,1,10.29,https://m.media-amazon.com/images/I/71VieSMr6PL._AC_UY436_FMwebp_QL65_.jpg
The Hobbit,book,2,11.59,https://m.media-amazon.com/images/I/7174s2FosSL._AC_UY436_FMwebp_QL65_.jpg
Adventures of Huckleberry Finn,book,2,11.95,https://m.media-amazon.com/images/I/6189n2G9nWL._AC_UY436_FMwebp_QL65_.jpg
Dune,book,2,12.00,https://m.media-amazon.com/images/I/91JV0+3BRGL._AC_UY436_FMwebp_QL65_.jpg
Brave New World,book,2,12.49,https://m.media-amazon.com/images/I/71aDrgLp9CL._AC_UY436_FMwebp_QL65_.jpg
R.U.R.,book,3,14.33,https://m.media-amazon.com/images/I/71i+7uFJWfL._AC_UY436_FMwebp_QL65_.jpg
The Little Prince,book,2,15.99,https://m.media-amazon.com/images/I/714WPVclLcL._AC_UL640_FMwebp_QL65_.jpg
Percy Jackson and the Olympians,book,1,18.80,https://m.media-amazon.com/images/I/81x1ZJ1IkoS._AC_UY436_FMwebp_QL65_.jpg
,,,,
Fommy Newborn,clothes,3,9.99,https://m.media-amazon.com/images/I/71+V3NIFpQL._AC_UL640_FMwebp_QL65_.jpg
Simple Joys,clothes,2,13.49,https://m.media-amazon.com/images/I/912wmfqjOwL._AC_UL640_FMwebp_QL65_.jpg
Gerber baby-boys 4 Pack,clothes,4,17.65,https://m.media-amazon.com/images/I/91NqlBcHMbL._AC_UL640_FMwebp_QL65_.jpg
Champion Men's Everyday,clothes,2,20.13,https://m.media-amazon.com/images/I/71mJ7xJYwzS._AC_UL640_FMwebp_QL65_.jpg
,,,,
Seagate Portable 2TB,computer,2,59.99,https://m.media-amazon.com/images/I/81tjLksKixL._AC_UL640_FMwebp_QL65_.jpg
TGEEK Stylish PU,computer,4,63.00,https://m.media-amazon.com/images/I/71LcfR3uuDS._AC_UL640_FMwebp_QL65_.jpg
ASUS D340MC,computer,1,499.99,https://m.media-amazon.com/images/I/81OcujJNaxL._AC_UY436_FMwebp_QL65_.jpg
,,,,
Entry Table,furniture,3,70.65,https://m.media-amazon.com/images/I/81GPbreeHgL._AC_UL640_FMwebp_QL65_.jpg
Orange Club Chair,furniture,1,287.90,https://m.media-amazon.com/images/I/71XBgaKa73L._AC_UL640_FMwebp_QL65_.jpg